Id,Name

2,anand
2,bih
3,bihe
5,t
9,bi
5,chachs
6,sitesupervisor
7,sitesupervisor
7,sitesupervisor
6,sitesupervisor
10,thali
10,thali
11,sitesupervisor
12,intern
13,chachaman
10,thali
8,pepe
10,thali
11,jeni
16,jordan
16,jor
17,jor
18,jordan
19,Mtct
20,jordan
21,Bessem
21,Bessem
22,T
24,JORDAN
25,NOEL
25,NOEL
24,JORDAN
12,imelda
1,imelda
1,imelda
1,Nana
2,Nawell
6,Thalitha
5,Thalitha
21,Thalitha
5,jennifer
6,Thalitha
32,Thalitha
